img1,img2,name,artist,price
https://cdn-prd-image.oround.com/api/18225/454754/1/112006:T00062#112003:T00034.webp,https://cdn-prd-image.oround.com/api/18225/454754/2/112006:T00062#112003:T00034.webp,범고래 (Killer whale),our own night,2#000
https://cdn-prd-image.oround.com/api/11892/353310/1/112006:T00062#112003:T00033.webp,https://cdn-prd-image.oround.com/api/11892/353310/2/112006:T00062#112003:T00033.webp,인생은 졸라 짧아요 인생숏팅,I am awesome,1#800
https://cdn-prd-image.oround.com/api/25034/569387/1/112006:T00062#112003:T00033.webp,https://cdn-prd-image.oround.com/api/25034/569387/2/112006:T00062#112003:T00033.webp,마리아 덤벨컬,BULKYTORSO_SHOP,1#950
https://cdn-prd-image.oround.com/api/1269/61229/1/112006:T00062#112003:T00032.webp,https://cdn-prd-image.oround.com/api/1269/61229/2/112006:T00062#112003:T00032.webp,베리베어,Charibo,1#680
https://cdn-prd-image.oround.com/api/8741/338867/1/112006:T00062#112003:T00033.webp,https://cdn-prd-image.oround.com/api/8741/338867/2/112006:T00062#112003:T00033.webp,[김간호사] 복용,낫이팅게일,1#800
https://cdn-prd-image.oround.com/api/14056/364618/1/112006:T00064#112003:T00033.webp,https://cdn-prd-image.oround.com/api/14056/364618/2/112006:T00064#112003:T00033.webp,뭐라도 되겠지(입체),양진,2#340
https://cdn-prd-image.oround.com/api/919/42205/1/112006:T00062#112003:T00032.webp,https://cdn-prd-image.oround.com/api/919/42205/2/112006:T00062#112003:T00032.webp,awesome,awesome,1#400
https://cdn-prd-image.oround.com/api/21394/485364/1/112006:T00062#112003:T00032.webp,https://cdn-prd-image.oround.com/api/21394/485364/2/112006:T00062#112003:T00032.webp,Kettle bell,탭핑유소매점,1#680
https://cdn-prd-image.oround.com/api/19885/470098/1/112006:T00064#112003:T00033.webp,https://cdn-prd-image.oround.com/api/19885/470098/2/112006:T00064#112003:T00033.webp,방해금지 모드,yakamoz,2#250
https://cdn-prd-image.oround.com/api/1579/78493/1/112006:T00062#112003:T00033.webp,https://cdn-prd-image.oround.com/api/1579/78493/2/112006:T00062#112003:T00033.webp,CHERRY RERI RABBIT,orora,1#650
https://cdn-prd-image.oround.com/api/9697/343003/1/112006:T00062#112003:T00033.webp,https://cdn-prd-image.oround.com/api/9697/343003/2/112006:T00062#112003:T00033.webp,[김간호사] 건강과 회복을 위하여,낫이팅게일,1#800
https://cdn-prd-image.oround.com/api/20393/473117/1/112006:T00061#112003:T00032.webp,https://cdn-prd-image.oround.com/api/20393/473117/2/112006:T00061#112003:T00032.webp,키위새,karin,2#040
https://cdn-prd-image.oround.com/api/894/40949/1/112006:T00062#112003:T00032.webp,https://cdn-prd-image.oround.com/api/894/40949/2/112006:T00062#112003:T00032.webp,eight ball of eightrule,EIGHTRULE,1#540
https://cdn-prd-image.oround.com/api/902/41581/1/112006:T00062#112003:T00032.webp,https://cdn-prd-image.oround.com/api/902/41581/2/112006:T00062#112003:T00032.webp,blue daisy of sunnyday,sunnyday,1#470
https://cdn-prd-image.oround.com/api/11881/354416/1/112006:T00064#112003:T00034.webp,https://cdn-prd-image.oround.com/api/11881/354416/2/112006:T00064#112003:T00034.webp,그냥 해!,양진,2#470
https://cdn-prd-image.oround.com/api/12664/357289/1/112006:T00064#112003:T00033.webp,https://cdn-prd-image.oround.com/api/12664/357289/2/112006:T00064#112003:T00033.webp,업라이투로우(嶪拏以投怒憂),양진,2#340
https://cdn-prd-image.oround.com/api/22999/536307/1/112006:T00064#112003:T00033.webp,https://cdn-prd-image.oround.com/api/22999/536307/2/112006:T00064#112003:T00033.webp,더 나은 내일을 위해,양진,2#340
https://cdn-prd-image.oround.com/api/8894/339333/1/112006:T00062#112003:T00033.webp,https://cdn-prd-image.oround.com/api/8894/339333/2/112006:T00062#112003:T00033.webp,[신간호사] 신규 낫이팅게일 (연보라),낫이팅게일,1#800
https://cdn-prd-image.oround.com/api/24858/566045/1/112006:T00064#112003:T00032.webp,https://cdn-prd-image.oround.com/api/24858/566045/2/112006:T00064#112003:T00032.webp,고양이 기운,양진,2#550
https://cdn-prd-image.oround.com/api/17664/451971/1/112006:T00064#112003:T00033.webp,https://cdn-prd-image.oround.com/api/17664/451971/2/112006:T00064#112003:T00033.webp,근성장 no.3,양진,2#340
https://cdn-prd-image.oround.com/api/909/41789/1/112006:T00062#112003:T00032.webp,https://cdn-prd-image.oround.com/api/909/41789/2/112006:T00062#112003:T00032.webp,lulubear,orora,1#540
https://cdn-prd-image.oround.com/api/20309/472969/1/112006:T00064#112003:T00032.webp,https://cdn-prd-image.oround.com/api/20309/472969/2/112006:T00064#112003:T00032.webp,먼데이 헤이터,yakamoz,2#125
https://cdn-prd-image.oround.com/api/18236/454767/1/112006:T00062#112003:T00034.webp,https://cdn-prd-image.oround.com/api/18236/454767/2/112006:T00062#112003:T00034.webp,코이 (Koi fish),our own night,2#000
https://cdn-prd-image.oround.com/api/24690/563072/1/112006:T00064#112003:T00032.webp,https://cdn-prd-image.oround.com/api/24690/563072/2/112006:T00064#112003:T00032.webp,이너피스 : 내면의 평화,양진,2#550
https://cdn-prd-image.oround.com/api/12290/355377/1/112006:T00064#112003:T00033.webp,https://cdn-prd-image.oround.com/api/12290/355377/2/112006:T00064#112003:T00033.webp,근성장,양진,2#340
https://cdn-prd-image.oround.com/api/1577/78285/1/112006:T00062#112003:T00032.webp,https://cdn-prd-image.oround.com/api/1577/78285/2/112006:T00062#112003:T00032.webp,PURPLE RERI RABBIT,orora,1#540
https://cdn-prd-image.oround.com/api/13924/364077/1/112006:T00061#112003:T00035.webp,https://cdn-prd-image.oround.com/api/13924/364077/2/112006:T00061#112003:T00035.webp,그런 소리 하지 말고 퇴근시켜 주세요.,양진,2#990
https://cdn-prd-image.oround.com/api/9698/343018/1/112006:T00062#112003:T00033.webp,https://cdn-prd-image.oround.com/api/9698/343018/2/112006:T00062#112003:T00033.webp,[남간호사] 역시 남자라면 가르마펌,낫이팅게일,1#800
https://cdn-prd-image.oround.com/api/12423/356348/1/112006:T00064#112003:T00033.webp,https://cdn-prd-image.oround.com/api/12423/356348/2/112006:T00064#112003:T00033.webp,케틀벨을 든 미인도,양진,2#340
https://cdn-prd-image.oround.com/api/9188/340370/1/112006:T00062#112003:T00032.webp,https://cdn-prd-image.oround.com/api/9188/340370/2/112006:T00062#112003:T00032.webp,팝아트,cucaco,1#540
https://cdn-prd-image.oround.com/api/17370/449481/1/112006:T00064#112003:T00033.webp,https://cdn-prd-image.oround.com/api/17370/449481/2/112006:T00064#112003:T00033.webp,ㅍㄱㅎㅈㅁ(포기하지마),양진,2#340
https://cdn-prd-image.oround.com/api/2673/143447/1/112006:T00062#112003:T00032.webp,https://cdn-prd-image.oround.com/api/2673/143447/2/112006:T00062#112003:T00032.webp,SHYZoo_말티즈,SHYZOO,1#498
https://cdn-prd-image.oround.com/api/26950/594780/1/112006:T00064#112003:T00033.webp,https://cdn-prd-image.oround.com/api/26950/594780/2/112006:T00064#112003:T00033.webp,밴드 끓는점 굿즈,양진,2#160
https://cdn-prd-image.oround.com/api/10521/347458/1/112006:T00062#112003:T00033.webp,https://cdn-prd-image.oround.com/api/10521/347458/2/112006:T00062#112003:T00033.webp,[김간호사] 수액 런지,낫이팅게일,1#800
https://cdn-prd-image.oround.com/api/25630/577319/1/112006:T00061#112003:T00032.webp,https://cdn-prd-image.oround.com/api/25630/577319/2/112006:T00061#112003:T00032.webp,June# Soon. / 대복템 시리즈 흑토끼 /,Junesoonstationery,2#210
https://cdn-prd-image.oround.com/api/11228/350257/1/112006:T00062#112003:T00033.webp,https://cdn-prd-image.oround.com/api/11228/350257/2/112006:T00062#112003:T00033.webp,Runner,cucaco,1#650
https://cdn-prd-image.oround.com/api/13213/362450/1/112006:T00064#112003:T00033.webp,https://cdn-prd-image.oround.com/api/13213/362450/2/112006:T00064#112003:T00033.webp,퇴근하고싶다,양진,2#340
https://cdn-prd-image.oround.com/api/16720/442527/1/112006:T00064#112003:T00033.webp,https://cdn-prd-image.oround.com/api/16720/442527/2/112006:T00064#112003:T00033.webp,애옹드랍 : 집에 보내주세옹,양진,2#340
https://cdn-prd-image.oround.com/api/13200/360028/1/112006:T00064#112003:T00033.webp,https://cdn-prd-image.oround.com/api/13200/360028/2/112006:T00064#112003:T00033.webp,퇴근하고싶다(핑크),양진,2#340
https://cdn-prd-image.oround.com/api/21769/509680/1/112006:T00064#112003:T00034.webp,https://cdn-prd-image.oround.com/api/21769/509680/2/112006:T00064#112003:T00034.webp,당자강 : 마땅히 스스로 강해져야 한다.,양진,2#340
https://cdn-prd-image.oround.com/api/16253/387132/1/112006:T00064#112003:T00034.webp,https://cdn-prd-image.oround.com/api/16253/387132/2/112006:T00064#112003:T00034.webp,할 수 있다 능,양진,2#990
https://cdn-prd-image.oround.com/api/3077/165822/1/112006:T00062#112003:T00035.webp,https://cdn-prd-image.oround.com/api/3077/165822/2/112006:T00062#112003:T00035.webp,MBTI ESFP 엣프피,PLAN B,2#000
https://cdn-prd-image.oround.com/api/25324/572840/1/112006:T00064#112003:T00034.webp,https://cdn-prd-image.oround.com/api/25324/572840/2/112006:T00064#112003:T00034.webp,버텨,양진,2#700
https://cdn-prd-image.oround.com/api/23174/539121/1/112006:T00063#112003:T00034.webp,https://cdn-prd-image.oround.com/api/23174/539121/2/112006:T00063#112003:T00034.webp,반짝이는 눈 광기 간호사,낫이팅게일,2#400
https://cdn-prd-image.oround.com/api/20113/471423/1/112006:T00064#112003:T00032.webp,https://cdn-prd-image.oround.com/api/20113/471423/2/112006:T00064#112003:T00032.webp,어떻게든 되겠지,yakamoz,2#125
https://cdn-prd-image.oround.com/api/13707/362962/1/112006:T00064#112003:T00033.webp,https://cdn-prd-image.oround.com/api/13707/362962/2/112006:T00064#112003:T00033.webp,당신은 분명 누군가의 또라이다,양진,2#340
https://cdn-prd-image.oround.com/api/15068/371382/1/112006:T00064#112003:T00033.webp,https://cdn-prd-image.oround.com/api/15068/371382/2/112006:T00064#112003:T00033.webp,당신은 분명 누군가의 또라이다(블랙),양진,2#340
https://cdn-prd-image.oround.com/api/11924/353404/1/112006:T00064#112003:T00034.webp,https://cdn-prd-image.oround.com/api/11924/353404/2/112006:T00064#112003:T00034.webp,시발 : 시작이란 뜻입니다.,양진,2#340
https://cdn-prd-image.oround.com/api/1521/75893/1/112006:T00062#112003:T00032.webp,https://cdn-prd-image.oround.com/api/1521/75893/2/112006:T00062#112003:T00032.webp,FIKA,은조,1#680
https://cdn-prd-image.oround.com/api/1601/80469/1/112006:T00062#112003:T00033.webp,https://cdn-prd-image.oround.com/api/1601/80469/2/112006:T00062#112003:T00033.webp,Good Luck!,amor_party,1#500
https://cdn-prd-image.oround.com/api/8286/336276/1/112006:T00062#112003:T00032.webp,https://cdn-prd-image.oround.com/api/8286/336276/2/112006:T00062#112003:T00032.webp,Good Night,SODA artiment,1#680
https://cdn-prd-image.oround.com/api/9999/344877/1/112006:T00062#112003:T00032.webp,https://cdn-prd-image.oround.com/api/9999/344877/2/112006:T00062#112003:T00032.webp,행운,yoonshop,1#820
https://cdn-prd-image.oround.com/api/14520/366624/1/112006:T00064#112003:T00033.webp,https://cdn-prd-image.oround.com/api/14520/366624/2/112006:T00064#112003:T00033.webp,만수무강 무병장수,양진,2#340
https://cdn-prd-image.oround.com/api/20713/476682/1/112006:T00062#112003:T00033.webp,https://cdn-prd-image.oround.com/api/20713/476682/2/112006:T00062#112003:T00033.webp,All about vintage!,our own night,2#000
https://cdn-prd-image.oround.com/api/12341/355688/1/112006:T00064#112003:T00032.webp,https://cdn-prd-image.oround.com/api/12341/355688/2/112006:T00064#112003:T00032.webp,ㅎ,양진,2#210
https://cdn-prd-image.oround.com/api/776/32901/1/112006:T00062#112003:T00034.webp,https://cdn-prd-image.oround.com/api/776/32901/2/112006:T00062#112003:T00034.webp,우주 범고래,닥터수달,1#800
https://cdn-prd-image.oround.com/api/14959/369852/1/112006:T00062#112003:T00033.webp,https://cdn-prd-image.oround.com/api/14959/369852/2/112006:T00062#112003:T00033.webp,핫도그 든 멜빵 너구리,동키,1#800
https://cdn-prd-image.oround.com/api/2851/152630/1/112006:T00062#112003:T00032.webp,https://cdn-prd-image.oround.com/api/2851/152630/2/112006:T00062#112003:T00032.webp,고집불통 애뽀,미니미,1#680
https://cdn-prd-image.oround.com/api/4556/249268/1/112006:T00062#112003:T00032.webp,https://cdn-prd-image.oround.com/api/4556/249268/2/112006:T00062#112003:T00032.webp,SHYZoo_그레이냥이,SHYZOO,1#540
https://cdn-prd-image.oround.com/api/2371/121187/1/112006:T00062#112003:T00032.webp,https://cdn-prd-image.oround.com/api/2371/121187/2/112006:T00062#112003:T00032.webp,SHYZ00_시바시바,SHYZOO,1#498
https://cdn-prd-image.oround.com/api/14225/365535/1/112006:T00064#112003:T00033.webp,https://cdn-prd-image.oround.com/api/14225/365535/2/112006:T00064#112003:T00033.webp,자기애,양진,2#340
https://cdn-prd-image.oround.com/api/772/32517/1/112006:T00062#112003:T00032.webp,https://cdn-prd-image.oround.com/api/772/32517/2/112006:T00062#112003:T00032.webp,상괭이,닥터수달,1#680
https://cdn-prd-image.oround.com/api/12001/353934/1/112006:T00064#112003:T00033.webp,https://cdn-prd-image.oround.com/api/12001/353934/2/112006:T00064#112003:T00033.webp,퉤-ㅅ,양진,2#340
https://cdn-prd-image.oround.com/api/9431/341547/1/112006:T00062#112003:T00032.webp,https://cdn-prd-image.oround.com/api/9431/341547/2/112006:T00062#112003:T00032.webp,Skull King,Cho,1#680
https://cdn-prd-image.oround.com/api/12976/358703/1/112006:T00062#112003:T00033.webp,https://cdn-prd-image.oround.com/api/12976/358703/2/112006:T00062#112003:T00033.webp,바베어,리얼스트렝스,1#800
https://cdn-prd-image.oround.com/api/22864/527804/1/112006:T00064#112003:T00033.webp,https://cdn-prd-image.oround.com/api/22864/527804/2/112006:T00064#112003:T00033.webp,눈 앞이 막막해도 계속 걸어,양진,2#340
https://cdn-prd-image.oround.com/api/26818/592750/1/112006:T00062#112003:T00032.webp,https://cdn-prd-image.oround.com/api/26818/592750/2/112006:T00062#112003:T00032.webp,팔근육 모티베이션,7th Crown,1#680
https://cdn-prd-image.oround.com/api/1831/93315/1/112006:T00062#112003:T00033.webp,https://cdn-prd-image.oround.com/api/1831/93315/2/112006:T00062#112003:T00033.webp,Cassette Tape# Rainbow,L# L# L!,1#500
https://cdn-prd-image.oround.com/api/1623/82029/1/112006:T00062#112003:T00033.webp,https://cdn-prd-image.oround.com/api/1623/82029/2/112006:T00062#112003:T00033.webp,HAPPY ANTS BEER,HAPPY ANTS,1#500
https://cdn-prd-image.oround.com/api/926/42621/1/112006:T00062#112003:T00032.webp,https://cdn-prd-image.oround.com/api/926/42621/2/112006:T00062#112003:T00032.webp,archive of watching you,watchingyou,1#540
https://cdn-prd-image.oround.com/api/11165/349927/1/112006:T00062#112003:T00032.webp,https://cdn-prd-image.oround.com/api/11165/349927/2/112006:T00062#112003:T00032.webp,우리모두 힘내~,doredore,1#680
https://cdn-prd-image.oround.com/api/17407/449787/1/112006:T00064#112003:T00032.webp,https://cdn-prd-image.oround.com/api/17407/449787/2/112006:T00064#112003:T00032.webp,ASAP,yakamoz,2#040
https://cdn-prd-image.oround.com/api/15084/371750/1/112006:T00064#112003:T00033.webp,https://cdn-prd-image.oround.com/api/15084/371750/2/112006:T00064#112003:T00033.webp,사상 없는 물질은 공허하고# 물질 없는 사상은 무력하다,양진,2#340
https://cdn-prd-image.oround.com/api/1555/77141/1/112006:T00062#112003:T00033.webp,https://cdn-prd-image.oround.com/api/1555/77141/2/112006:T00062#112003:T00033.webp,버드나무 아래,은조,1#800
https://cdn-prd-image.oround.com/api/1272/61541/1/112006:T00062#112003:T00035.webp,https://cdn-prd-image.oround.com/api/1272/61541/2/112006:T00062#112003:T00035.webp,스트링치즈 소녀 리보,Charibo,2#400
https://cdn-prd-image.oround.com/api/800/33861/1/112006:T00062#112003:T00033.webp,https://cdn-prd-image.oround.com/api/800/33861/2/112006:T00062#112003:T00033.webp,배니,guardian,1#800
https://cdn-prd-image.oround.com/api/25163/571232/1/112006:T00062#112003:T00034.webp,https://cdn-prd-image.oround.com/api/25163/571232/2/112006:T00062#112003:T00034.webp,Hip cat,둥스튜디오,1#920
https://cdn-prd-image.oround.com/api/884/40221/1/112006:T00062#112003:T00034.webp,https://cdn-prd-image.oround.com/api/884/40221/2/112006:T00062#112003:T00034.webp,식빵냥이,MOON,1#650
https://cdn-prd-image.oround.com/api/10197/347380/1/112006:T00062#112003:T00033.webp,https://cdn-prd-image.oround.com/api/10197/347380/2/112006:T00062#112003:T00033.webp,악령,네비,1#800
https://cdn-prd-image.oround.com/api/17939/453146/1/112006:T00062#112003:T00032.webp,https://cdn-prd-image.oround.com/api/17939/453146/2/112006:T00062#112003:T00032.webp,곰돌이 잠옷입은 퐁덕,퐁덕 | pongduck,1#680
https://cdn-prd-image.oround.com/api/13087/359470/1/112006:T00064#112003:T00034.webp,https://cdn-prd-image.oround.com/api/13087/359470/2/112006:T00064#112003:T00034.webp,먹구름 뒤의 햇살처럼,양진,2#340
https://cdn-prd-image.oround.com/api/11662/352565/1/112006:T00062#112003:T00035.webp,https://cdn-prd-image.oround.com/api/11662/352565/2/112006:T00062#112003:T00035.webp,I'm just a running black cat.,Gawool,3#000
https://cdn-prd-image.oround.com/api/9731/343160/1/112006:T00061#112003:T00032.webp,https://cdn-prd-image.oround.com/api/9731/343160/2/112006:T00061#112003:T00032.webp,콜리,selleb13895,2#040
https://cdn-prd-image.oround.com/api/18217/454716/1/112006:T00062#112003:T00034.webp,https://cdn-prd-image.oround.com/api/18217/454716/2/112006:T00062#112003:T00034.webp,전화기 (Telephone),our own night,2#000
https://cdn-prd-image.oround.com/api/13656/362681/1/112006:T00062#112003:T00033.webp,https://cdn-prd-image.oround.com/api/13656/362681/2/112006:T00062#112003:T00033.webp,찰떡오리,동키,1#725
https://cdn-prd-image.oround.com/api/18436/456659/1/112006:T00062#112003:T00034.webp,https://cdn-prd-image.oround.com/api/18436/456659/2/112006:T00062#112003:T00034.webp,프레피룩 (Preppy Look),our own night,2#000
https://cdn-prd-image.oround.com/api/1132/53421/1/112006:T00062#112003:T00032.webp,https://cdn-prd-image.oround.com/api/1132/53421/2/112006:T00062#112003:T00032.webp,POO-DOL,jakga,1#540
https://cdn-prd-image.oround.com/api/326/11080/1/112006:T00062#112003:T00032.webp,https://cdn-prd-image.oround.com/api/326/11080/2/112006:T00062#112003:T00032.webp,물개,히안하네,1#820
https://cdn-prd-image.oround.com/api/25515/574601/1/112006:T00062#112003:T00033.webp,https://cdn-prd-image.oround.com/api/25515/574601/2/112006:T00062#112003:T00033.webp,June# Soon. / 대복템 시리즈 굿럭토끼부적 /,Junesoonstationery,1#950
https://cdn-prd-image.oround.com/api/11284/350612/1/112006:T00062#112003:T00032.webp,https://cdn-prd-image.oround.com/api/11284/350612/2/112006:T00062#112003:T00032.webp,sunglasses girl,Myeung#,1#750
https://cdn-prd-image.oround.com/api/16198/386171/1/112006:T00061#112003:T00032.webp,https://cdn-prd-image.oround.com/api/16198/386171/2/112006:T00061#112003:T00032.webp,민트s,jamong_park,2#720
https://cdn-prd-image.oround.com/api/11980/353848/1/112006:T00064#112003:T00033.webp,https://cdn-prd-image.oround.com/api/11980/353848/2/112006:T00064#112003:T00033.webp,잘될거야,양진,2#340
https://cdn-prd-image.oround.com/api/939/43765/1/112006:T00062#112003:T00032.webp,https://cdn-prd-image.oround.com/api/939/43765/2/112006:T00062#112003:T00032.webp,Orange Delivery,광명,1#540
https://cdn-prd-image.oround.com/api/4426/241395/1/112006:T00062#112003:T00032.webp,https://cdn-prd-image.oround.com/api/4426/241395/2/112006:T00062#112003:T00032.webp,로리타 소녀 바니,fairy candy,1#820
https://cdn-prd-image.oround.com/api/1612/81509/1/112006:T00062#112003:T00033.webp,https://cdn-prd-image.oround.com/api/1612/81509/2/112006:T00062#112003:T00033.webp,Summerdays,광명,1#650
https://cdn-prd-image.oround.com/api/20631/475745/1/112006:T00061#112003:T00034.webp,https://cdn-prd-image.oround.com/api/20631/475745/2/112006:T00061#112003:T00034.webp,I'm cat,millim,2#280
https://cdn-prd-image.oround.com/api/19745/595528/1/112006:T00062#112003:T00034.webp,https://cdn-prd-image.oround.com/api/19745/595528/2/112006:T00062#112003:T00034.webp,우울,홍숙,1#920
https://cdn-prd-image.oround.com/api/17008/450322/1/112006:T00064#112003:T00033.webp,https://cdn-prd-image.oround.com/api/17008/450322/2/112006:T00064#112003:T00033.webp,너 자신을 알라,양진,2#160
https://cdn-prd-image.oround.com/api/26917/594396/1/112006:T00061#112003:T00033.webp,https://cdn-prd-image.oround.com/api/26917/594396/2/112006:T00061#112003:T00033.webp,브로부]오리지널 REDBOO,브로부,2#430
https://cdn-prd-image.oround.com/api/17441/449810/1/112006:T00062#112003:T00033.webp,https://cdn-prd-image.oround.com/api/17441/449810/2/112006:T00062#112003:T00033.webp,Expiration date,mozza,2#250
https://cdn-prd-image.oround.com/api/12970/358702/1/112006:T00061#112003:T00033.webp,https://cdn-prd-image.oround.com/api/12970/358702/2/112006:T00061#112003:T00033.webp,중심 한글 레터링,고보씨의 일일,2#160
https://cdn-prd-image.oround.com/api/2965/157590/1/112006:T00062#112003:T00033.webp,https://cdn-prd-image.oround.com/api/2965/157590/2/112006:T00062#112003:T00033.webp,STRAWBERRY!,L# L# L!,1#650
https://cdn-prd-image.oround.com/api/1239/59557/1/112006:T00062#112003:T00033.webp,https://cdn-prd-image.oround.com/api/1239/59557/2/112006:T00062#112003:T00033.webp,핑크빛 방,JIYO_지요,1#650
https://cdn-prd-image.oround.com/api/10518/347449/1/112006:T00062#112003:T00033.webp,https://cdn-prd-image.oround.com/api/10518/347449/2/112006:T00062#112003:T00033.webp,[김간호사] 강인한 간호사,낫이팅게일,1#725
https://cdn-prd-image.oround.com/api/17705/452291/1/112006:T00061#112003:T00033.webp,https://cdn-prd-image.oround.com/api/17705/452291/2/112006:T00061#112003:T00033.webp,자전거 타는 준영이,shinoo,2#700
https://cdn-prd-image.oround.com/api/12397/356094/1/112006:T00062#112003:T00033.webp,https://cdn-prd-image.oround.com/api/12397/356094/2/112006:T00062#112003:T00033.webp,래니,urbanrabbit,1#800
https://cdn-prd-image.oround.com/api/789/33381/1/112006:T00062#112003:T00035.webp,https://cdn-prd-image.oround.com/api/789/33381/2/112006:T00062#112003:T00035.webp,남방큰돌고래,닥터수달,2#400
https://cdn-prd-image.oround.com/api/11996/353901/1/112006:T00064#112003:T00034.webp,https://cdn-prd-image.oround.com/api/11996/353901/2/112006:T00064#112003:T00034.webp,빼꼼 고양이,스며요,1#980
https://cdn-prd-image.oround.com/api/27227/601089/1/112006:T00062#112003:T00034.webp,https://cdn-prd-image.oround.com/api/27227/601089/2/112006:T00062#112003:T00034.webp,뉴진스의하입보이요,TheFlatWindow,1#800
https://cdn-prd-image.oround.com/api/11927/353414/1/112006:T00064#112003:T00033.webp,https://cdn-prd-image.oround.com/api/11927/353414/2/112006:T00064#112003:T00033.webp,망했어요!,양진,2#340
https://cdn-prd-image.oround.com/api/26215/584677/1/112006:T00063#112003:T00032.webp,https://cdn-prd-image.oround.com/api/26215/584677/2/112006:T00063#112003:T00032.webp,푸들 토토,홉스페이스,1#820
https://cdn-prd-image.oround.com/api/940/43869/1/112006:T00062#112003:T00033.webp,https://cdn-prd-image.oround.com/api/940/43869/2/112006:T00062#112003:T00033.webp,꽃비,샤키루베베,1#725
https://cdn-prd-image.oround.com/api/9175/340224/1/112006:T00062#112003:T00032.webp,https://cdn-prd-image.oround.com/api/9175/340224/2/112006:T00062#112003:T00032.webp,SNAKE&RABBIT <HiDE&SEEK>,스내빗 김왈라,1#680
https://cdn-prd-image.oround.com/api/8890/339324/1/112006:T00062#112003:T00033.webp,https://cdn-prd-image.oround.com/api/8890/339324/2/112006:T00062#112003:T00033.webp,Falling,NOML,1#950
https://cdn-prd-image.oround.com/api/5202/286906/1/112006:T00062#112003:T00033.webp,https://cdn-prd-image.oround.com/api/5202/286906/2/112006:T00062#112003:T00033.webp,뚱냥이,meow,1#800
https://cdn-prd-image.oround.com/api/18443/456892/1/112006:T00062#112003:T00033.webp,https://cdn-prd-image.oround.com/api/18443/456892/2/112006:T00062#112003:T00033.webp,바다뱀 (Banded Sea Snake),our own night,1#950
https://cdn-prd-image.oround.com/api/12011/353959/1/112006:T00061#112003:T00035.webp,https://cdn-prd-image.oround.com/api/12011/353959/2/112006:T00061#112003:T00035.webp,십장생 한글 레터링,고보씨의 일일,2#760
https://cdn-prd-image.oround.com/api/16052/384850/1/112006:T00061#112003:T00035.webp,https://cdn-prd-image.oround.com/api/16052/384850/2/112006:T00061#112003:T00035.webp,인플레이션,yakamoz,2#760
https://cdn-prd-image.oround.com/api/11905/353343/1/112006:T00062#112003:T00033.webp,https://cdn-prd-image.oround.com/api/11905/353343/2/112006:T00062#112003:T00033.webp,앙버터,hihibakery,1#800
https://cdn-prd-image.oround.com/api/13086/359459/1/112006:T00062#112003:T00032.webp,https://cdn-prd-image.oround.com/api/13086/359459/2/112006:T00062#112003:T00032.webp,회사원 고양이,포포범,1#680
